Action,Campaign,Campaign Type,Campaign Status,Budget,Bid Strategy Type,Networks,Languages,Location,Ad Group,Ad Group Status,Max CPC,Keyword,Criterion Type,Status,Ad Type,Final URL,Path 1,Path 2,Headline 1,Headline 1 position,Headline 2,Headline 3,Headline 4,Headline 5,Headline 6,Headline 7,Headline 8,Headline 9,Headline 10,Headline 11,Headline 12,Headline 13,Headline 14,Headline 15,Description 1,Description 2,Description 3,Description 4,Asset Type,Link Text,Description Line 1,Description Line 2,Callout Text,Header,Values
Add,SEARCH_SKAG_MUSIC_CLASSES_GTB_NAGAR__DELHI,Search,Paused,500.0,MANUAL_CPC,Google search,English,"Delhi, India",,,,,,,,,,,,,,,,,,,,,,,,,,,,,,,,,,,,,
Add,SEARCH_SKAG_MUSIC_CLASSES_GTB_NAGAR__DELHI,,,,,,,,SKAG - Music Classes Near Me,Enabled,82.5,,,,,,,,,,,,,,,,,,,,,,,,,,,,,,,,,,
Add,SEARCH_SKAG_MUSIC_CLASSES_GTB_NAGAR__DELHI,,,,,,,,SKAG - Music Classes Near Me,,82.5,[music classes near me],Exact,Enabled,,,,,,,,,,,,,,,,,,,,,,,,,,,,,,,
Add,SEARCH_SKAG_MUSIC_CLASSES_GTB_NAGAR__DELHI,,,,,,,,SKAG - Music Classes Near Me,,82.5,"""music classes near me""",Phrase,Enabled,,,,,,,,,,,,,,,,,,,,,,,,,,,,,,,
Add,SEARCH_SKAG_MUSIC_CLASSES_GTB_NAGAR__DELHI,,,,,,,,SKAG - Music Classes Near Me,,,[music classes teacher near me],Negative,Enabled,,,,,,,,,,,,,,,,,,,,,,,,,,,,,,,
Add,SEARCH_SKAG_MUSIC_CLASSES_GTB_NAGAR__DELHI,,,,,,,,SKAG - Music Classes Near Me,,,[music classes in gtb nagar],Negative,Enabled,,,,,,,,,,,,,,,,,,,,,,,,,,,,,,,
Add,SEARCH_SKAG_MUSIC_CLASSES_GTB_NAGAR__DELHI,,,,,,,,SKAG - Music Classes Near Me,,,[music classes fees gtb nagar],Negative,Enabled,,,,,,,,,,,,,,,,,,,,,,,,,,,,,,,
Add,SEARCH_SKAG_MUSIC_CLASSES_GTB_NAGAR__DELHI,,,,,,,,SKAG - Music Classes Near Me,,,[best music classes academy delhi],Negative,Enabled,,,,,,,,,,,,,,,,,,,,,,,,,,,,,,,
Add,SEARCH_SKAG_MUSIC_CLASSES_GTB_NAGAR__DELHI,,,,,,,,SKAG - Music Classes Near Me,,,,,Enabled,Responsive search ad,https://rhythmraga.in,MusicClasses,GtbNagar,Music Classes Near Me,HEADLINE_1,Offline Music Classes,Music Classes in GTB Nagar,Near GTB Nagar Metro Gate 4,GTB Nagar Music Studio,Learn Music From Scratch,Book In-Person Studio Trial,Visit Our GTB Nagar Studio,Reserve Your Studio Demo Now,Call or WhatsApp Us Today,1-on-1 Certified Mentors,Structured Course Curriculum,Small Batches (Max 4-5),Classes for Kids & Adults,Beginner to Advanced Batches,Offline music classes at GTB Nagar (near Metro Gate 4). 1-on-1 certified mentors.,Structured in-studio music lessons near Hudson Lane. Flexible morning & evening batches.,Premier physical music academy in North Delhi. Book your in-person studio trial today!,Small offline batches for kids & adults in GTB Nagar. Call or WhatsApp to book demo.,,,,,,,
Add,SEARCH_SKAG_MUSIC_CLASSES_GTB_NAGAR__DELHI,,,,,,,,SKAG - Music Classes Teacher Near Me,Enabled,82.5,,,,,,,,,,,,,,,,,,,,,,,,,,,,,,,,,,
Add,SEARCH_SKAG_MUSIC_CLASSES_GTB_NAGAR__DELHI,,,,,,,,SKAG - Music Classes Teacher Near Me,,82.5,[music classes teacher near me],Exact,Enabled,,,,,,,,,,,,,,,,,,,,,,,,,,,,,,,
Add,SEARCH_SKAG_MUSIC_CLASSES_GTB_NAGAR__DELHI,,,,,,,,SKAG - Music Classes Teacher Near Me,,82.5,"""music classes teacher near me""",Phrase,Enabled,,,,,,,,,,,,,,,,,,,,,,,,,,,,,,,
Add,SEARCH_SKAG_MUSIC_CLASSES_GTB_NAGAR__DELHI,,,,,,,,SKAG - Music Classes Teacher Near Me,,,[music classes near me],Negative,Enabled,,,,,,,,,,,,,,,,,,,,,,,,,,,,,,,
Add,SEARCH_SKAG_MUSIC_CLASSES_GTB_NAGAR__DELHI,,,,,,,,SKAG - Music Classes Teacher Near Me,,,[music classes in gtb nagar],Negative,Enabled,,,,,,,,,,,,,,,,,,,,,,,,,,,,,,,
Add,SEARCH_SKAG_MUSIC_CLASSES_GTB_NAGAR__DELHI,,,,,,,,SKAG - Music Classes Teacher Near Me,,,[music classes fees gtb nagar],Negative,Enabled,,,,,,,,,,,,,,,,,,,,,,,,,,,,,,,
Add,SEARCH_SKAG_MUSIC_CLASSES_GTB_NAGAR__DELHI,,,,,,,,SKAG - Music Classes Teacher Near Me,,,[best music classes academy delhi],Negative,Enabled,,,,,,,,,,,,,,,,,,,,,,,,,,,,,,,
Add,SEARCH_SKAG_MUSIC_CLASSES_GTB_NAGAR__DELHI,,,,,,,,SKAG - Music Classes Teacher Near Me,,,,,Enabled,Responsive search ad,https://rhythmraga.in,MusicClasses,GtbNagar,Music Classes Teacher Near Me,HEADLINE_1,Offline Music Classes,Music Classes in GTB Nagar,Near GTB Nagar Metro Gate 4,GTB Nagar Music Studio,Learn Music From Scratch,Book In-Person Studio Trial,Visit Our GTB Nagar Studio,Reserve Your Studio Demo Now,Call or WhatsApp Us Today,1-on-1 Certified Mentors,Structured Course Curriculum,Small Batches (Max 4-5),Classes for Kids & Adults,Beginner to Advanced Batches,Offline music classes at GTB Nagar (near Metro Gate 4). 1-on-1 certified mentors.,Structured in-studio music lessons near Hudson Lane. Flexible morning & evening batches.,Premier physical music academy in North Delhi. Book your in-person studio trial today!,Small offline batches for kids & adults in GTB Nagar. Call or WhatsApp to book demo.,,,,,,,
Add,SEARCH_SKAG_MUSIC_CLASSES_GTB_NAGAR__DELHI,,,,,,,,SKAG - Music Classes In Gtb Nagar,Enabled,71.5,,,,,,,,,,,,,,,,,,,,,,,,,,,,,,,,,,
Add,SEARCH_SKAG_MUSIC_CLASSES_GTB_NAGAR__DELHI,,,,,,,,SKAG - Music Classes In Gtb Nagar,,71.5,[music classes in gtb nagar],Exact,Enabled,,,,,,,,,,,,,,,,,,,,,,,,,,,,,,,
Add,SEARCH_SKAG_MUSIC_CLASSES_GTB_NAGAR__DELHI,,,,,,,,SKAG - Music Classes In Gtb Nagar,,71.5,"""music classes in gtb nagar""",Phrase,Enabled,,,,,,,,,,,,,,,,,,,,,,,,,,,,,,,
Add,SEARCH_SKAG_MUSIC_CLASSES_GTB_NAGAR__DELHI,,,,,,,,SKAG - Music Classes In Gtb Nagar,,,[music classes near me],Negative,Enabled,,,,,,,,,,,,,,,,,,,,,,,,,,,,,,,
Add,SEARCH_SKAG_MUSIC_CLASSES_GTB_NAGAR__DELHI,,,,,,,,SKAG - Music Classes In Gtb Nagar,,,[music classes teacher near me],Negative,Enabled,,,,,,,,,,,,,,,,,,,,,,,,,,,,,,,
Add,SEARCH_SKAG_MUSIC_CLASSES_GTB_NAGAR__DELHI,,,,,,,,SKAG - Music Classes In Gtb Nagar,,,[music classes fees gtb nagar],Negative,Enabled,,,,,,,,,,,,,,,,,,,,,,,,,,,,,,,
Add,SEARCH_SKAG_MUSIC_CLASSES_GTB_NAGAR__DELHI,,,,,,,,SKAG - Music Classes In Gtb Nagar,,,[best music classes academy delhi],Negative,Enabled,,,,,,,,,,,,,,,,,,,,,,,,,,,,,,,
Add,SEARCH_SKAG_MUSIC_CLASSES_GTB_NAGAR__DELHI,,,,,,,,SKAG - Music Classes In Gtb Nagar,,,,,Enabled,Responsive search ad,https://rhythmraga.in,MusicClasses,GtbNagar,Music Classes In Gtb Nagar,HEADLINE_1,Offline Music Classes,Near GTB Nagar Metro Gate 4,GTB Nagar Music Studio,Learn Music From Scratch,Book In-Person Studio Trial,Visit Our GTB Nagar Studio,Reserve Your Studio Demo Now,Call or WhatsApp Us Today,1-on-1 Certified Mentors,Structured Course Curriculum,Small Batches (Max 4-5),Classes for Kids & Adults,Beginner to Advanced Batches,Flexible Evening Batches,Offline music classes at GTB Nagar (near Metro Gate 4). 1-on-1 certified mentors.,Structured in-studio music lessons near Hudson Lane. Flexible morning & evening batches.,Premier physical music academy in North Delhi. Book your in-person studio trial today!,Small offline batches for kids & adults in GTB Nagar. Call or WhatsApp to book demo.,,,,,,,
Add,SEARCH_SKAG_MUSIC_CLASSES_GTB_NAGAR__DELHI,,,,,,,,SKAG - Music Classes Fees Gtb Nagar,Enabled,71.5,,,,,,,,,,,,,,,,,,,,,,,,,,,,,,,,,,
Add,SEARCH_SKAG_MUSIC_CLASSES_GTB_NAGAR__DELHI,,,,,,,,SKAG - Music Classes Fees Gtb Nagar,,71.5,[music classes fees gtb nagar],Exact,Enabled,,,,,,,,,,,,,,,,,,,,,,,,,,,,,,,
Add,SEARCH_SKAG_MUSIC_CLASSES_GTB_NAGAR__DELHI,,,,,,,,SKAG - Music Classes Fees Gtb Nagar,,71.5,"""music classes fees gtb nagar""",Phrase,Enabled,,,,,,,,,,,,,,,,,,,,,,,,,,,,,,,
Add,SEARCH_SKAG_MUSIC_CLASSES_GTB_NAGAR__DELHI,,,,,,,,SKAG - Music Classes Fees Gtb Nagar,,,[music classes near me],Negative,Enabled,,,,,,,,,,,,,,,,,,,,,,,,,,,,,,,
Add,SEARCH_SKAG_MUSIC_CLASSES_GTB_NAGAR__DELHI,,,,,,,,SKAG - Music Classes Fees Gtb Nagar,,,[music classes teacher near me],Negative,Enabled,,,,,,,,,,,,,,,,,,,,,,,,,,,,,,,
Add,SEARCH_SKAG_MUSIC_CLASSES_GTB_NAGAR__DELHI,,,,,,,,SKAG - Music Classes Fees Gtb Nagar,,,[music classes in gtb nagar],Negative,Enabled,,,,,,,,,,,,,,,,,,,,,,,,,,,,,,,
Add,SEARCH_SKAG_MUSIC_CLASSES_GTB_NAGAR__DELHI,,,,,,,,SKAG - Music Classes Fees Gtb Nagar,,,[best music classes academy delhi],Negative,Enabled,,,,,,,,,,,,,,,,,,,,,,,,,,,,,,,
Add,SEARCH_SKAG_MUSIC_CLASSES_GTB_NAGAR__DELHI,,,,,,,,SKAG - Music Classes Fees Gtb Nagar,,,,,Enabled,Responsive search ad,https://rhythmraga.in,MusicClasses,GtbNagar,Music Classes Fees Gtb Nagar,HEADLINE_1,Offline Music Classes,Music Classes in GTB Nagar,Near GTB Nagar Metro Gate 4,GTB Nagar Music Studio,Learn Music From Scratch,Book In-Person Studio Trial,Visit Our GTB Nagar Studio,Reserve Your Studio Demo Now,Call or WhatsApp Us Today,1-on-1 Certified Mentors,Structured Course Curriculum,Small Batches (Max 4-5),Classes for Kids & Adults,Beginner to Advanced Batches,Offline music classes at GTB Nagar (near Metro Gate 4). 1-on-1 certified mentors.,Structured in-studio music lessons near Hudson Lane. Flexible morning & evening batches.,Premier physical music academy in North Delhi. Book your in-person studio trial today!,Small offline batches for kids & adults in GTB Nagar. Call or WhatsApp to book demo.,,,,,,,
Add,SEARCH_SKAG_MUSIC_CLASSES_GTB_NAGAR__DELHI,,,,,,,,SKAG - Best Music Classes Academy Delhi,Enabled,55.0,,,,,,,,,,,,,,,,,,,,,,,,,,,,,,,,,,
Add,SEARCH_SKAG_MUSIC_CLASSES_GTB_NAGAR__DELHI,,,,,,,,SKAG - Best Music Classes Academy Delhi,,55.0,[best music classes academy delhi],Exact,Enabled,,,,,,,,,,,,,,,,,,,,,,,,,,,,,,,
Add,SEARCH_SKAG_MUSIC_CLASSES_GTB_NAGAR__DELHI,,,,,,,,SKAG - Best Music Classes Academy Delhi,,55.0,"""best music classes academy delhi""",Phrase,Enabled,,,,,,,,,,,,,,,,,,,,,,,,,,,,,,,
Add,SEARCH_SKAG_MUSIC_CLASSES_GTB_NAGAR__DELHI,,,,,,,,SKAG - Best Music Classes Academy Delhi,,,[music classes near me],Negative,Enabled,,,,,,,,,,,,,,,,,,,,,,,,,,,,,,,
Add,SEARCH_SKAG_MUSIC_CLASSES_GTB_NAGAR__DELHI,,,,,,,,SKAG - Best Music Classes Academy Delhi,,,[music classes teacher near me],Negative,Enabled,,,,,,,,,,,,,,,,,,,,,,,,,,,,,,,
Add,SEARCH_SKAG_MUSIC_CLASSES_GTB_NAGAR__DELHI,,,,,,,,SKAG - Best Music Classes Academy Delhi,,,[music classes in gtb nagar],Negative,Enabled,,,,,,,,,,,,,,,,,,,,,,,,,,,,,,,
Add,SEARCH_SKAG_MUSIC_CLASSES_GTB_NAGAR__DELHI,,,,,,,,SKAG - Best Music Classes Academy Delhi,,,[music classes fees gtb nagar],Negative,Enabled,,,,,,,,,,,,,,,,,,,,,,,,,,,,,,,
Add,SEARCH_SKAG_MUSIC_CLASSES_GTB_NAGAR__DELHI,,,,,,,,SKAG - Best Music Classes Academy Delhi,,,,,Enabled,Responsive search ad,https://rhythmraga.in,MusicClasses,GtbNagar,Best Music Classes Academy,HEADLINE_1,Offline Music Classes,Music Classes in GTB Nagar,Near GTB Nagar Metro Gate 4,GTB Nagar Music Studio,Learn Music From Scratch,Book In-Person Studio Trial,Visit Our GTB Nagar Studio,Reserve Your Studio Demo Now,Call or WhatsApp Us Today,1-on-1 Certified Mentors,Structured Course Curriculum,Small Batches (Max 4-5),Classes for Kids & Adults,Beginner to Advanced Batches,Offline music classes at GTB Nagar (near Metro Gate 4). 1-on-1 certified mentors.,Structured in-studio music lessons near Hudson Lane. Flexible morning & evening batches.,Premier physical music academy in North Delhi. Book your in-person studio trial today!,Small offline batches for kids & adults in GTB Nagar. Call or WhatsApp to book demo.,,,,,,,
Add,SEARCH_SKAG_MUSIC_CLASSES_GTB_NAGAR__DELHI,,,,,,,,,,,free chords,Campaign Negative,Enabled,,,,,,,,,,,,,,,,,,,,,,,,,,,,,,,
Add,SEARCH_SKAG_MUSIC_CLASSES_GTB_NAGAR__DELHI,,,,,,,,,,,free tabs,Campaign Negative,Enabled,,,,,,,,,,,,,,,,,,,,,,,,,,,,,,,
Add,SEARCH_SKAG_MUSIC_CLASSES_GTB_NAGAR__DELHI,,,,,,,,,,,free pdf,Campaign Negative,Enabled,,,,,,,,,,,,,,,,,,,,,,,,,,,,,,,
Add,SEARCH_SKAG_MUSIC_CLASSES_GTB_NAGAR__DELHI,,,,,,,,,,,free notes,Campaign Negative,Enabled,,,,,,,,,,,,,,,,,,,,,,,,,,,,,,,
Add,SEARCH_SKAG_MUSIC_CLASSES_GTB_NAGAR__DELHI,,,,,,,,,,,free download,Campaign Negative,Enabled,,,,,,,,,,,,,,,,,,,,,,,,,,,,,,,
Add,SEARCH_SKAG_MUSIC_CLASSES_GTB_NAGAR__DELHI,,,,,,,,,,,free lyrics,Campaign Negative,Enabled,,,,,,,,,,,,,,,,,,,,,,,,,,,,,,,
Add,SEARCH_SKAG_MUSIC_CLASSES_GTB_NAGAR__DELHI,,,,,,,,,,,free tutorial,Campaign Negative,Enabled,,,,,,,,,,,,,,,,,,,,,,,,,,,,,,,
Add,SEARCH_SKAG_MUSIC_CLASSES_GTB_NAGAR__DELHI,,,,,,,,,,,free sheet music,Campaign Negative,Enabled,,,,,,,,,,,,,,,,,,,,,,,,,,,,,,,
Add,SEARCH_SKAG_MUSIC_CLASSES_GTB_NAGAR__DELHI,,,,,,,,,,,jobs,Campaign Negative,Enabled,,,,,,,,,,,,,,,,,,,,,,,,,,,,,,,
Add,SEARCH_SKAG_MUSIC_CLASSES_GTB_NAGAR__DELHI,,,,,,,,,,,job,Campaign Negative,Enabled,,,,,,,,,,,,,,,,,,,,,,,,,,,,,,,
Add,SEARCH_SKAG_MUSIC_CLASSES_GTB_NAGAR__DELHI,,,,,,,,,,,salary,Campaign Negative,Enabled,,,,,,,,,,,,,,,,,,,,,,,,,,,,,,,
Add,SEARCH_SKAG_MUSIC_CLASSES_GTB_NAGAR__DELHI,,,,,,,,,,,vacancy,Campaign Negative,Enabled,,,,,,,,,,,,,,,,,,,,,,,,,,,,,,,
Add,SEARCH_SKAG_MUSIC_CLASSES_GTB_NAGAR__DELHI,,,,,,,,,,,career,Campaign Negative,Enabled,,,,,,,,,,,,,,,,,,,,,,,,,,,,,,,
Add,SEARCH_SKAG_MUSIC_CLASSES_GTB_NAGAR__DELHI,,,,,,,,,,,hiring,Campaign Negative,Enabled,,,,,,,,,,,,,,,,,,,,,,,,,,,,,,,
Add,SEARCH_SKAG_MUSIC_CLASSES_GTB_NAGAR__DELHI,,,,,,,,,,,recruitment,Campaign Negative,Enabled,,,,,,,,,,,,,,,,,,,,,,,,,,,,,,,
Add,SEARCH_SKAG_MUSIC_CLASSES_GTB_NAGAR__DELHI,,,,,,,,,,,tutor vacancy,Campaign Negative,Enabled,,,,,,,,,,,,,,,,,,,,,,,,,,,,,,,
Add,SEARCH_SKAG_MUSIC_CLASSES_GTB_NAGAR__DELHI,,,,,,,,,,,pdf,Campaign Negative,Enabled,,,,,,,,,,,,,,,,,,,,,,,,,,,,,,,
Add,SEARCH_SKAG_MUSIC_CLASSES_GTB_NAGAR__DELHI,,,,,,,,,,,youtube,Campaign Negative,Enabled,,,,,,,,,,,,,,,,,,,,,,,,,,,,,,,
Add,SEARCH_SKAG_MUSIC_CLASSES_GTB_NAGAR__DELHI,,,,,,,,,,,tutorial,Campaign Negative,Enabled,,,,,,,,,,,,,,,,,,,,,,,,,,,,,,,
Add,SEARCH_SKAG_MUSIC_CLASSES_GTB_NAGAR__DELHI,,,,,,,,,,,lyrics,Campaign Negative,Enabled,,,,,,,,,,,,,,,,,,,,,,,,,,,,,,,
Add,SEARCH_SKAG_MUSIC_CLASSES_GTB_NAGAR__DELHI,,,,,,,,,,,chords,Campaign Negative,Enabled,,,,,,,,,,,,,,,,,,,,,,,,,,,,,,,
Add,SEARCH_SKAG_MUSIC_CLASSES_GTB_NAGAR__DELHI,,,,,,,,,,,tabs,Campaign Negative,Enabled,,,,,,,,,,,,,,,,,,,,,,,,,,,,,,,
Add,SEARCH_SKAG_MUSIC_CLASSES_GTB_NAGAR__DELHI,,,,,,,,,,,definition,Campaign Negative,Enabled,,,,,,,,,,,,,,,,,,,,,,,,,,,,,,,
Add,SEARCH_SKAG_MUSIC_CLASSES_GTB_NAGAR__DELHI,,,,,,,,,,,meaning,Campaign Negative,Enabled,,,,,,,,,,,,,,,,,,,,,,,,,,,,,,,
Add,SEARCH_SKAG_MUSIC_CLASSES_GTB_NAGAR__DELHI,,,,,,,,,,,download,Campaign Negative,Enabled,,,,,,,,,,,,,,,,,,,,,,,,,,,,,,,
Add,SEARCH_SKAG_MUSIC_CLASSES_GTB_NAGAR__DELHI,,,,,,,,,,,book,Campaign Negative,Enabled,,,,,,,,,,,,,,,,,,,,,,,,,,,,,,,
Add,SEARCH_SKAG_MUSIC_CLASSES_GTB_NAGAR__DELHI,,,,,,,,,,,used,Campaign Negative,Enabled,,,,,,,,,,,,,,,,,,,,,,,,,,,,,,,
Add,SEARCH_SKAG_MUSIC_CLASSES_GTB_NAGAR__DELHI,,,,,,,,,,,second hand,Campaign Negative,Enabled,,,,,,,,,,,,,,,,,,,,,,,,,,,,,,,
Add,SEARCH_SKAG_MUSIC_CLASSES_GTB_NAGAR__DELHI,,,,,,,,,,,olx,Campaign Negative,Enabled,,,,,,,,,,,,,,,,,,,,,,,,,,,,,,,
Add,SEARCH_SKAG_MUSIC_CLASSES_GTB_NAGAR__DELHI,,,,,,,,,,,quikr,Campaign Negative,Enabled,,,,,,,,,,,,,,,,,,,,,,,,,,,,,,,
Add,SEARCH_SKAG_MUSIC_CLASSES_GTB_NAGAR__DELHI,,,,,,,,,,,wikipedia,Campaign Negative,Enabled,,,,,,,,,,,,,,,,,,,,,,,,,,,,,,,
Add,SEARCH_SKAG_MUSIC_CLASSES_GTB_NAGAR__DELHI,,,,,,,,,,,zoom classes,Campaign Negative,Enabled,,,,,,,,,,,,,,,,,,,,,,,,,,,,,,,
Add,SEARCH_SKAG_MUSIC_CLASSES_GTB_NAGAR__DELHI,,,,,,,,,,,online course,Campaign Negative,Enabled,,,,,,,,,,,,,,,,,,,,,,,,,,,,,,,
Add,SEARCH_SKAG_MUSIC_CLASSES_GTB_NAGAR__DELHI,,,,,,,,,,,online classes only,Campaign Negative,Enabled,,,,,,,,,,,,,,,,,,,,,,,,,,,,,,,
Add,SEARCH_SKAG_MUSIC_CLASSES_GTB_NAGAR__DELHI,,,,,,,,,,,software,Campaign Negative,Enabled,,,,,,,,,,,,,,,,,,,,,,,,,,,,,,,
Add,SEARCH_SKAG_MUSIC_CLASSES_GTB_NAGAR__DELHI,,,,,,,,,,,virtual class,Campaign Negative,Enabled,,,,,,,,,,,,,,,,,,,,,,,,,,,,,,,
Add,SEARCH_SKAG_MUSIC_CLASSES_GTB_NAGAR__DELHI,,,,,,,,,,,sports,Campaign Negative,Enabled,,,,,,,,,,,,,,,,,,,,,,,,,,,,,,,
Add,SEARCH_SKAG_MUSIC_CLASSES_GTB_NAGAR__DELHI,,,,,,,,,,,swimming,Campaign Negative,Enabled,,,,,,,,,,,,,,,,,,,,,,,,,,,,,,,
Add,SEARCH_SKAG_MUSIC_CLASSES_GTB_NAGAR__DELHI,,,,,,,,,,,karate,Campaign Negative,Enabled,,,,,,,,,,,,,,,,,,,,,,,,,,,,,,,
Add,SEARCH_SKAG_MUSIC_CLASSES_GTB_NAGAR__DELHI,,,,,,,,,,,,,,,https://rhythmraga.in/book?course=Guitar,,,,,,,,,,,,,,,,,,,,,,,Sitelink,Learn Guitar,Acoustic & Electric Guitar,Offline Classes in GTB Nagar,,,
Add,SEARCH_SKAG_MUSIC_CLASSES_GTB_NAGAR__DELHI,,,,,,,,,,,,,,,https://rhythmraga.in/book?course=Piano,,,,,,,,,,,,,,,,,,,,,,,Sitelink,Learn Piano & Keys,Western & Classical Keyboard,Beginner to Advanced Batches,,,
Add,SEARCH_SKAG_MUSIC_CLASSES_GTB_NAGAR__DELHI,,,,,,,,,,,,,,,https://rhythmraga.in/book?course=Drums,,,,,,,,,,,,,,,,,,,,,,,Sitelink,Learn Drums,Acoustic Drum Kits & Rhythm,Hands-On Practice in Studio,,,
Add,SEARCH_SKAG_MUSIC_CLASSES_GTB_NAGAR__DELHI,,,,,,,,,,,,,,,https://rhythmraga.in/book?course=Vocals,,,,,,,,,,,,,,,,,,,,,,,Sitelink,Singing & Vocals,Classical & Western Singing,Pitch & Voice Training,,,
Add,SEARCH_SKAG_MUSIC_CLASSES_GTB_NAGAR__DELHI,,,,,,,,,,,,,,,https://rhythmraga.in/book,,,,,,,,,,,,,,,,,,,,,,,Sitelink,1-on-1 Music Mentors,Certified Expert Instructors,Personalized Step-by-Step Plans,,,
Add,SEARCH_SKAG_MUSIC_CLASSES_GTB_NAGAR__DELHI,,,,,,,,,,,,,,,https://rhythmraga.in/book?course=Creative%20Art,,,,,,,,,,,,,,,,,,,,,,,Sitelink,Creative Art & Craft,"Sketching, Painting & Colors",Kids & Teens Art Studio,,,
Add,SEARCH_SKAG_MUSIC_CLASSES_GTB_NAGAR__DELHI,,,,,,,,,,,,,,,https://rhythmraga.in/book,,,,,,,,,,,,,,,,,,,,,,,Sitelink,Book Free Trial Class,30-Min In-Person Studio Demo,Zero Obligation Free Session,,,
Add,SEARCH_SKAG_MUSIC_CLASSES_GTB_NAGAR__DELHI,,,,,,,,,,,,,,,https://rhythmraga.in/#courses,,,,,,,,,,,,,,,,,,,,,,,Sitelink,Batch Timings & Fees,Flexible Morning & Evening,Small Batches (Max 4-5),,,
Add,SEARCH_SKAG_MUSIC_CLASSES_GTB_NAGAR__DELHI,,,,,,,,,,,,,,,https://rhythmraga.in/#location,,,,,,,,,,,,,,,,,,,,,,,Sitelink,Visit GTB Nagar Studio,Near Metro Gate 4 Hudson Lane,Soundproof AC Practice Rooms,,,
Add,SEARCH_SKAG_MUSIC_CLASSES_GTB_NAGAR__DELHI,,,,,,,,,,,,,,,https://rhythmraga.in/book?course=Not%20sure%20yet,,,,,,,,,,,,,,,,,,,,,,,Sitelink,Kids Music Batches,Ages 4 to 14 Years Early Start,Fun Interactive Curriculum,,,
Add,SEARCH_SKAG_MUSIC_CLASSES_GTB_NAGAR__DELHI,,,,,,,,,,,,,,,,,,,,,,,,,,,,,,,,,,,,,,Callout,,,,Near GTB Nagar Metro Gate,,
Add,SEARCH_SKAG_MUSIC_CLASSES_GTB_NAGAR__DELHI,,,,,,,,,,,,,,,,,,,,,,,,,,,,,,,,,,,,,,Callout,,,,In-Studio Offline Classes,,
Add,SEARCH_SKAG_MUSIC_CLASSES_GTB_NAGAR__DELHI,,,,,,,,,,,,,,,,,,,,,,,,,,,,,,,,,,,,,,Callout,,,,1-on-1 Certified Mentors,,
Add,SEARCH_SKAG_MUSIC_CLASSES_GTB_NAGAR__DELHI,,,,,,,,,,,,,,,,,,,,,,,,,,,,,,,,,,,,,,Callout,,,,Small Batches (Max 4-5),,
Add,SEARCH_SKAG_MUSIC_CLASSES_GTB_NAGAR__DELHI,,,,,,,,,,,,,,,,,,,,,,,,,,,,,,,,,,,,,,Callout,,,,Kids & Adults Batches,,
Add,SEARCH_SKAG_MUSIC_CLASSES_GTB_NAGAR__DELHI,,,,,,,,,,,,,,,,,,,,,,,,,,,,,,,,,,,,,,Callout,,,,Flexible Batches,,
Add,SEARCH_SKAG_MUSIC_CLASSES_GTB_NAGAR__DELHI,,,,,,,,,,,,,,,,,,,,,,,,,,,,,,,,,,,,,,Callout,,,,Real Acoustic Instruments,,
Add,SEARCH_SKAG_MUSIC_CLASSES_GTB_NAGAR__DELHI,,,,,,,,,,,,,,,,,,,,,,,,,,,,,,,,,,,,,,Structured Snippet,,,,,Courses,Guitar; Piano; Drums; Vocals; Keyboard; Art
Add,SEARCH_SKAG_MUSIC_CLASSES_GTB_NAGAR__DELHI,,,,,,,,,,,,,,,,,,,,,,,,,,,,,,,,,,,,,,Structured Snippet,,,,,Amenities,Soundproof Rooms; Acoustic Kits; AC Studio; Trial Class
